date,flight,departure,arrival,departure_time,arrival_time,distance_km,aircraft_type,registration,operating_airline,delivery_date,msn,duration_minutes
2025-01-02,DEMO001,PEK,XMN,08:00,10:45,1700,B738,B-DE01,厦门航空,2015-01-01,DEMO-001,165
2025-02-02,DEMO002,XMN,PEK,12:00,14:45,1700,A320,B-DE02,中国国航,2016-01-01,DEMO-002,165
2025-03-02,DEMO003,PEK,XMN,08:00,10:45,1700,B738,B-DE01,厦门航空,2015-01-01,DEMO-001,165
2025-04-02,DEMO004,XMN,HKG,08:00,09:30,600,A333,B-DE03,国泰航空,2014-01-01,DEMO-003,90
2025-05-02,DEMO005,HKG,XMN,08:00,09:30,600,A333,B-DE03,国泰航空,2014-01-01,DEMO-003,90
2025-06-02,DEMO006,PEK,XMN,08:00,10:45,1700,B738,B-DE01,厦门航空,2015-01-01,DEMO-001,165
2025-07-02,DEMO007,XMN,CAN,08:00,09:30,530,E195,B-DE04,示例航空,2017-01-01,DEMO-004,90
2025-08-02,DEMO008,CAN,SHA,08:00,10:30,1220,A359,B-DE05,东方航空,2018-01-01,DEMO-005,150
2025-09-02,DEMO009,SHA,HND,08:00,12:00,1800,B789,JA-DE06,日本航空,2019-01-01,DEMO-006,180
2025-10-02,DEMO010,HND,SHA,08:00,10:00,1800,B77W,JA-DE07,全日空航空,2020-01-01,DEMO-007,180
